"conversation_id_str","created_at","favorite_count","full_text","id_str","image_url","in_reply_to_screen_name","lang","location","quote_count","reply_count","retweet_count","tweet_url","user_id_str","username"
"1992571975450116489","Sun Nov 23 12:32:33 +0000 2025","0","ga ada apa-apanya sih sama feromon gua etanol pertamina RON 98. yeah.","1992571975450116489","","","in","","0","0","0","https://x.com/undefined/status/1992571975450116489","1880121923784597504",
"1992454892372496708","Sun Nov 23 12:13:53 +0000 2025","0","@Informnts Good kasih dia BBM oplosan full etanol @pertamina","1992567275556388947","","Informnts","in","","0","0","0","https://x.com/undefined/status/1992567275556388947","541459710",
"1992547544363077785","Sun Nov 23 10:59:56 +0000 2025","0","@seungfinity fakboy? fakboy mana yang punya feromon etanol pertamina RON 98 kayak gua?","1992548667132137524","","seungfinity","in","","0","1","0","https://x.com/undefined/status/1992548667132137524","1880121923784597504",
"1992532231227875611","Sun Nov 23 09:54:38 +0000 2025","3","haha. siapa kemarin bilang gua omega? gua sub? sorry. pheromone etanol pertamina RON 98 ga bisa berbohong. https://t.co/iIcS6FkuAD","1992532231227875611","https://pbs.twimg.com/media/G6blgR5bwAAsNgM.jpg","","in","","0","3","0","https://x.com/undefined/status/1992532231227875611","1880121923784597504",
"1991721346666262618","Sat Nov 22 01:49:25 +0000 2025","0","@SnaiperMask Maksudnya yang sekarang itu soal BBM Etanol padahal Pertamina masih jelek tingkat kepercayaan publiknya dan Kewajiban Harus Beli BBM Mentah bagi BBM Swasta yang malah mematikan bisnis BBM Swasta dan Monopoli Pertamina.","1992047738595537098","","SnaiperMask","in","","0","0","0","https://x.com/undefined/status/1992047738595537098","924598932243546112",
"1991832376843071559","Fri Nov 21 11:33:39 +0000 2025","0","Pertamina kontol motor gue kecampur etanol bangsat cukimay. Lama-lama nih motor gw isi bimoli aja.","1991832376843071559","","","in","","1","3","0","https://x.com/undefined/status/1991832376843071559","1800405182205112320",
"1991644584628351417","Thu Nov 20 23:07:26 +0000 2025","0"," nek cangkeme sampeyan gak brebet aku melok nggo sepedaku tak isi etanol @bahlillahadalia #pertamina #etanol #bahlil https://t.co/H3tI2JwzBo","1991644584628351417","https://pbs.twimg.com/amplify_video_thumb/1991644170906378241/img/rmuXEVVVT89w-MTa.jpg","","in","","0","0","0","https://x.com/undefined/status/1991644584628351417","1646345540333105153",
"1991350184459309450","Thu Nov 20 04:14:52 +0000 2025","0","@Ndons_Back @florieliciouss @03__nakula @ardinat4_ @MyPertaminaID @pertamina @Abe_Mukti @andrewenas @Intel_Imut @AskPerplexity oh jelassssss ... sayang aja kenapa hal kek gini sepi ya malah yang rame etanol","1991359565045330050","","Ndons_Back","in","","0","0","0","https://x.com/undefined/status/1991359565045330050","576755999",
"1990331409857433901","Thu Nov 20 03:09:31 +0000 2025","0","@SuperMan1750089 @zaraIIys @grok Etanol anaknya bahlil si Zara. Itu di gerai pertamina","1991343118894133251","","SuperMan1750089","in","","0","0","0","https://x.com/undefined/status/1991343118894133251","2202395910",
"1991268947719778397","Wed Nov 19 22:14:47 +0000 2025","0","Jadi gimana ini keberlanjutannya pertamina?? Masih ada etanol nya nggak? Pusing bangett mau isi pake BP tapi sering banget habiss.. mau di isi pake pertamina udah trauma sepeda mogok kek kemarin. Udah di servis masa isi pertamina lagi? Gimana niihh:((( #pertamina #solusi","1991268947719778397","","","in","","0","0","0","https://x.com/undefined/status/1991268947719778397","1547386808165490688",
"1991071966892360014","Wed Nov 19 09:12:03 +0000 2025","0","Pertamina disebut masih memakai etanol impor untuk memproduksi Pertamax Green 95. Bioetanol lokal dinilai belum memenuhi standar kualitas produksinya terbatas harganya lebih tinggi dan rantai pasoknya belum terintegrasi. Kondisi ini membuat pemanfaatan etanol dalam negeri https://t.co/9WDdtOF4Gx","1991071966892360014","https://pbs.twimg.com/amplify_video_thumb/1991071871165730816/img/EvtJuaQMtBxNgU6x.jpg","","in","","0","0","0","https://x.com/undefined/status/1991071966892360014","1885555382514507776",
"1991057330281328894","Wed Nov 19 08:26:09 +0000 2025","0","@Syifaaaaaa9_ Pertamina pgen pegang kendali monopoli import minyak swasta.. jadi biar dia satu² importir.. jelek nya lagi BBM Pertamina di oplos Etanol.. dan itu di protes pihak SPBU swasta.. krna swasta import BBM Murni tanpa campuran Etanol.. etanol bisa menurunkan kinerja mesin.","1991060412067119614","","Syifaaaaaa9_","in","","0","1","0","https://x.com/undefined/status/1991060412067119614","1958500474375811072",
"1990604338998452560","Wed Nov 19 02:47:03 +0000 2025","0","@YuriAndriyanto @AntzBrutallica @GNFI Masak gak bisa mbandingin lebih baik mana pake BBM etanol pertamina seharga 13rb dan mesin rusak Atau Pake Bobibos seharga 8700 dan mesin rusak..?","1990975075772768556","","YuriAndriyanto","in","","0","0","0","https://x.com/undefined/status/1990975075772768556","1194978102029340673",
"1990604338998452560","Tue Nov 18 09:54:44 +0000 2025","1","@AntzBrutallica @GNFI Justru harus peduli wak menyangkut permesinan lho wkwkwk Pertamina 10% etanol aja kalian protes masa yg begini malah abai Standar ganda And this statement come from me as pembenci pemangku kebijakan yg tiap hari selalu ngasih kabar jelek.","1990720320177647927","","AntzBrutallica","in","","0","1","0","https://x.com/undefined/status/1990720320177647927","1551894168766521346",
"1990626568813883810","Tue Nov 18 03:42:12 +0000 2025","0","BBM Pertamina dengan Etanol Makin Laris Ini Buktinya https://t.co/0VQ5EsyROa","1990626568813883810","","","in","","0","1","0","https://x.com/undefined/status/1990626568813883810","80543284",
"1990573245431706010","Tue Nov 18 01:20:58 +0000 2025","1","@Excel_Dee Betul masyarakat belum tahu kalau bobibos ini juga etanol sama dengan pertamina bahkan belum tau etanolnya brp %","1990591026550223299","","Excel_Dee","in","","0","0","0","https://x.com/undefined/status/1990591026550223299","2887413990",
"1990277225300820356","Mon Nov 17 18:14:49 +0000 2025","0","@e100ss Apakah kalian sudah melakukan riset dan uji kelayakan soal bbm campur etanol? @pertamina @pertamina135 tp alhamdulillah BP makin rame rela antri drpd beli bensin di Pertamina ","1990483780214403140","","e100ss","in","","0","0","0","https://x.com/undefined/status/1990483780214403140","132762473",
"1989695286546239589","Mon Nov 17 09:29:31 +0000 2025","1","@hakimsrg jelas2 selain Pertamina yg campur etanol kedua itu maunya 100% base fuel yg menjaga kualitas dari bensin mereka biar makin classy gw beli pertamax gk ada kesan2 mewah ny bjir ngebantu negara malah mereka stab from behind rakyatny yg ngebantu","1990351585420132464","","hakimsrg","in","","0","0","0","https://x.com/undefined/status/1990351585420132464","1259196185614532608",
"1989695286546239589","Mon Nov 17 08:57:45 +0000 2025","1","@hakimsrg Jadi pertanyaan kalau dr Pertamina bensinnya mengandung etanol jg atau tidak?","1990343589893972075","","hakimsrg","in","","0","0","0","https://x.com/undefined/status/1990343589893972075","1733823921932341248",
"1990333069644136762","Mon Nov 17 08:15:57 +0000 2025","1","Semua akan bioetanol pada waktunya Termasuk yg kemarin marah soal campuran etanol di bBM produksi pertamina... ","1990333069644136762","","","in","","0","1","0","https://x.com/undefined/status/1990333069644136762","1061855555864551424",
"1988676473864237435","Wed Nov 12 18:33:13 +0000 2025","0","Pertamina Belajar dari Brasil Jurus Kembangkan Etanol https://t.co/xvBUm6USiN","1988676473864237435","","","in","","0","0","0","https://x.com/undefined/status/1988676473864237435","135795460",
"1988656947210621430","Wed Nov 12 17:15:38 +0000 2025","0","https://t.co/eTyNlUEg1E Pertamina akan belajar dari Brasil dalam mengembangkan etanol. Brasil merupakan salah satu negara yang sukses dalam pengembangan etanol.","1988656947210621430","","","in","","0","0","0","https://x.com/undefined/status/1988656947210621430","918557865064906753",
"1988048380770254937","Wed Nov 12 15:09:54 +0000 2025","0","@toe_giman Anehnya pertamina ga bilang2 klo bahanya dicampur oleh etanol ?","1988625306022756408","","toe_giman","in","","0","0","0","https://x.com/undefined/status/1988625306022756408","77430557",
"1988536626373632201","Wed Nov 12 09:17:31 +0000 2025","0","Ya allah semenjak pertamina ada 10% etanol motor gw jadi gajelas masa di jalan gede lagi kenceng tiba tiba mati motornyabikin kecelakaan doang ini mah mana ngga sekali doang lagi ini sekarang pas hidup di gas agak susah juga @pertamina @bahlillahadalia","1988536626373632201","","","in","","0","0","0","https://x.com/undefined/status/1988536626373632201","1601771242419544064",
"1988088185042444674","Wed Nov 12 00:58:27 +0000 2025","0","@Giiselje Menurutku dijegal sih pakai undang-undang atau hasil lab dibuat-buat. Kan pertamina etanol nomor satu","1988411033078415709","","Giiselje","in","","0","0","0","https://x.com/undefined/status/1988411033078415709","1921601825624723456",
"1987870887442571618","Wed Nov 12 00:57:32 +0000 2025","0","@sharpandshark Kalau dari nabati mah jatuhnya etanol. Ya mending punya pertamina kalau gitu.","1988410799648633236","","sharpandshark","in","","0","0","0","https://x.com/undefined/status/1988410799648633236","1204757954727006208",
"1988222687152664712","Tue Nov 11 12:30:02 +0000 2025","0","Video: Pertamina Mau Nyontek Brasil dalam Pengembangan Etanol https://t.co/yT1XWKnOHv","1988222687152664712","","","in","","0","0","0","https://x.com/undefined/status/1988222687152664712","598959076",
"1987870887442571618","Tue Nov 11 11:12:01 +0000 2025","0","@Jumarhadinata @sharpandshark Video ini dari Java TV melaporkan harga BBM di SPBU Pertamina seperti Pertamax Turbo Rp12.205/liter dan Dexlite Rp18.700/liter serta dugaan pencampuran formula BOBIOS (bahan bakar) di Jonggol Bogor oleh PT Inti Singar. Tampak staf menuang cairan aditif atau etanol ke wadah ","1988203051191332884","","Jumarhadinata","in","","0","0","0","https://x.com/undefined/status/1988203051191332884","1720665183188922368",
"1988070947895771265","Tue Nov 11 08:12:41 +0000 2025","0","@e100ss makanya bahlil kalo nyuruh pertamina ubah spesifikasi bbm jgn langsung dituruti. suruh koordinasi dulu sama menteri perindustrian biar spesifikasi industri otomotif nya juga disesuaikan dulu. karena etanol ada sifat korosifnya kalo spek motornya gak disesuaikan ya rusak ....","1988157920761319816","","opinimanweb","in","","0","0","0","https://x.com/undefined/status/1988157920761319816","1073590382",
"1988141536354464172","Tue Nov 11 07:07:34 +0000 2025","0","Yang bermasalah: Pertamina Yang ngecek: Pertamina Yang bilang sudah sesuai spek: Pertamina Kalo speknya memang harus etanol ya lulus kabeh","1988141536354464172","","","in","","0","0","0","https://x.com/undefined/status/1988141536354464172","539577301",
"1987870887442571618","Tue Nov 11 05:46:16 +0000 2025","8","@sharpandshark BBM pertamina pakai 10% etanol dihujat tapi Bobibos yg salah satu bahan utamanya etanol dipuji ","1988121076644409660","","sharpandshark","in","","0","6","3","https://x.com/undefined/status/1988121076644409660","1252650705497677824",
"1988090570095640933","Tue Nov 11 03:45:03 +0000 2025","1","Pertamina Kaji Pembangunan Pabrik Etanol Berbasis Gula Aren di Jawa Barat https://t.co/x9TVTpR0h0 #Pertamina","1988090570095640933","","","in","","0","0","0","https://x.com/undefined/status/1988090570095640933","43799886",
"1987432056981438599","Sun Nov 09 08:08:21 +0000 2025","0","Pertamina Dukung Kebijakan Penggunan Etanol Dalam BBM https://t.co/jO1DCYnjS8 @pertamina @ptm_patraniaga https://t.co/X100PwuCFm","1987432056981438599","https://pbs.twimg.com/media/G5TGqAYbIAEnp9E.jpg","","in","","0","0","0","https://x.com/undefined/status/1987432056981438599","1600692302800097286",
"1987425381746680089","Sun Nov 09 07:41:50 +0000 2025","0","@brin_indonesia @pertamina @bahlillahadalia ini contoh mobil mercedes benz yang tanpa masalah tapi saat sampai ke india dalam 6 hari rusak karena bensin di India di campur etanol.","1987425381746680089","","brin_indonesia","in","","0","0","0","https://x.com/undefined/status/1987425381746680089","1601536152342708224",
"1987364522605343229","Sun Nov 09 03:40:00 +0000 2025","4","Pertamina memasarkan BBM dengan 5% bioetanol. Bukan Pertalite ini BBM Pertamina dengan campuran bioetanol 5 persen. https://t.co/jFIy0fx09b","1987364522605343229","","","in","","0","3","0","https://x.com/undefined/status/1987364522605343229","69183155",
"1987350404955570559","Sun Nov 09 02:43:54 +0000 2025","114","Dan andai bahlil menghina BTS juga kebongkar kasus korupsi pertamina dan bensin ga oplosan etanol lagi ","1987350404955570559","","","in","","0","0","7","https://x.com/undefined/status/1987350404955570559","1929083147586777088",
"1987327174647685231","Sun Nov 09 01:11:35 +0000 2025","0","Bukan Pertalite Ini BBM Pertamina dengan Kandungan Etanol https://t.co/R71MC3daHm","1987327174647685231","","","in","","0","0","0","https://x.com/undefined/status/1987327174647685231","80543284",
"1987207790843310426","Sat Nov 08 17:17:12 +0000 2025","0","bahlil ajg pertamina ajg etanol ajg ya kali sehari bensin habis 3 bar","1987207790843310426","","","in","","0","0","0","https://x.com/undefined/status/1987207790843310426","1132645410",
"1987080766501925156","Sat Nov 08 16:50:03 +0000 2025","1","@kumparan Bukan masalah etanol nya BLENDING hasil kilang Pertamina yg jelek org kilang pertamina aja belum Euro 5 bahkan Euro 4 aja kayanya gak semua kilang wkwkwk","1987200958221435019","","kumparan","in","","0","0","0","https://x.com/undefined/status/1987200958221435019","61157838",
"1986909079324053526","Sat Nov 08 08:36:38 +0000 2025","0","@HumorJonTampan @pertamina @MyPertaminaID Bukan gegara etanol tapi karena yg punya perusahaan minyak bbm nya tolol..","1987076787411784093","","HumorJonTampan","in","","0","0","0","https://x.com/undefined/status/1987076787411784093","1704424019095851008",
"1986818467769770473","Sat Nov 08 03:28:09 +0000 2025","0","@postraumatized @araafi_aprilia Sejauh ini beberapa kendaraan di indonesia tidak siap dgn pencampuran etanol dalam bahan bakar yg di produksi pertamina. Ga hanya pertalite beberapa kendaraanpun mengalami hal serupa ketika mengisi pertamax.","1986999154217009503","","postraumatized","in","","0","0","0","https://x.com/undefined/status/1986999154217009503","1943087331768176640",
"1986454697356730737","Fri Nov 07 14:20:28 +0000 2025","0","@xremiums Ngeles @pertamina busi disalahin..tolol..? Belum pernah uji kelayakan BBM+Etanol ya kan..?","1986800928041918526","","xremiums","in","","0","0","0","https://x.com/undefined/status/1986800928041918526","1398526891322007556",
"1986454697356730737","Fri Nov 07 08:56:34 +0000 2025","24","@xremiums Motor brebet karena pembakaran di busi kurang= level 1 Pembakaran di busi kurang karena bensin bercampur air = level 2 Bensin campur air karena sifatnya etanol menarik air fi udara= level 3 Semuanya benar tapi masa sekelas Pertamina gak paham?","1986719414021169480","","xremiums","in","","0","1","7","https://x.com/undefined/status/1986719414021169480","997108958",
"1986714322488397834","Fri Nov 07 08:36:20 +0000 2025","0","Seorang pemilik bengkel di Sidoarjo viral setelah mengunggah video dengan ucapan terima kasih etanol busiku laku semua. Dua hari kemudian ia mengunggah video baru yang memperlihatkan enam orang dari Pertamina datang ke bengkelnya untuk melakukan investigasi. Kedatangan itu https://t.co/Yt8f7uLAxH","1986714322488397834","https://pbs.twimg.com/amplify_video_thumb/1986714227202211840/img/4Ca-kOZ5doEK1nQA.jpg","","in","","0","0","0","https://x.com/undefined/status/1986714322488397834","1885555382514507776",
"1986703742092402749","Fri Nov 07 07:54:17 +0000 2025","1","Pertamina pakai campuran 3.5% etanol : wah goblok pertamina motor gw jd rusak gara2 pakai bbm dari pertamina... Bobibos baham baku dari tanaman = etanol 100% : mantap karya anak bangsa yg bikin pertamina bangkrut... PE-nya pertamina cuma bisa ketawa lihat kelakuam netizen...","1986703742092402749","","","in","","0","0","0","https://x.com/undefined/status/1986703742092402749","1061855555864551424",
"1986439400235147489","Fri Nov 07 07:54:03 +0000 2025","0","@masjalah Spt omonnya pertamina motor brebet bukannkrn etanol tapi busi .","1986703683560874131","","masjalah","in","","0","0","0","https://x.com/undefined/status/1986703683560874131","1735777027700203523",
"1986690571378073801","Fri Nov 07 07:01:57 +0000 2025","1","NDASMU A TAK UNCALI MERCON BUSI? AKU WINGI GANTI BUSI SEK PANCET YO COK JANCOK GANTI PEMPERS E FUEL PUMP KU YO SEK PANCET COK SING JELAS OJOK NGGAE ETANOL BANGSAT !!! @pertamina","1986690571378073801","","","in","","0","0","0","https://x.com/undefined/status/1986690571378073801","1079353182",
"1983782441493131715","Fri Nov 07 06:39:58 +0000 2025","1","@pertamina Saya adlh satu korban motor brebet skrng beralih beli BBM ke swasta. Rasanya susah untuk percaya lagi. Beberapa waktu lalu marak Pertamax dioplos skrng pertalite dicampur etanol. Para pemangku kebijakan tolonglah buat kebijakan yg pro terhadap rakyat jangan membuat susah rakyat.","1986685038961037388","","pertamina","in","","0","0","0","https://x.com/undefined/status/1986685038961037388","1424733636570456077",
"1986125040669307312","Fri Nov 07 06:32:08 +0000 2025","0","@skubipap @tilehopper bensin pertamina paling kotor didunia untuk sekelas literate people cities yeah motor gw brebet jauh sebelum etanol 10% ada. Bahkan itu etanol udah ada di awal 2025 dgn kadar random around 2-3% di daerah distribusi. Ntah itu yg bikin spbu trucuk kemasukan air or kandang ayam","1986683064882450933","","skubipap","in","","0","0","0","https://x.com/undefined/status/1986683064882450933","1898213230558035968",
"1986454697356730737","Fri Nov 07 06:23:04 +0000 2025","1","@xremiums Kok bisa busi orang rusak bareng sehabis isi pertalite eh etanol ding @pertamina","1986680785655767274","","xremiums","in","","0","0","0","https://x.com/undefined/status/1986680785655767274","1398739820348731395",
"1986678244767355154","Fri Nov 07 06:12:58 +0000 2025","1","Kalo dibaca sekilas berasal dari tanaman artinya ini etanol ya. Wajar kalo etanol punya oktan yg tinggi Jadi yg kemaren marah2 soal pertamina pakai campuram etanol jangan pernah pakai bahan bakar ini... Karena etanolnya lebih tinggi... Awokwok...","1986678244767355154","","","in","","0","1","0","https://x.com/undefined/status/1986678244767355154","1061855555864551424",
"1986624323613053150","Fri Nov 07 03:23:47 +0000 2025","2","@ertigaid kalo pada dasarnya itu etanol yg udah terlanjur dibenci krn bahlil ya akan sulit berkembang. apalagi kendaraan skrg belum semua kompatibel dgn bahan bakar nabati solusinya kejar kontrak jadi supplier etanol pertamina kalo mau eksis terus","1986635665346592823","","ertigaid","in","","0","0","0","https://x.com/undefined/status/1986635665346592823","1075090106770309121",
"1986582318748999982","Fri Nov 07 01:07:31 +0000 2025","0","@ferdinand_mpu pertanyaanya simple @pertamina punya alatnya nggak?? kalo punya kok masih bermasalah?? kalo tidak keuntungan dari penjualan BBM buat apa?? masih mendukung BBM pake etanol kah sempak merah?? https://t.co/VjgnGhRVGS","1986601375409783057","","ferdinand_mpu","in","","0","0","0","https://x.com/undefined/status/1986601375409783057","1769989740164784128",
"1986486863759339521","Thu Nov 06 17:32:30 +0000 2025","1","5 jam diskusi Personal Branding -&gt; Data Scientis -&gt; ML/AI -&gt; model -&gt; Bussiness Intelligence -&gt; Saham dkk -&gt; Konglo -&gt; Sawit -&gt; Etanol -&gt; pertamina -&gt; motor mogok -&gt; Kuota Impor -&gt; Pilpres 2024 -&gt; Partai -&gt; Ideologi -&gt; sejarah Indonesia -&gt; kerajaan romawi -&gt; kisah nabi -&gt; hantu","1986486863759339521","","","in","","1","0","0","https://x.com/undefined/status/1986486863759339521","1350466729705496576",
"1986441773674279209","Thu Nov 06 14:33:19 +0000 2025","0","Seluruh BBM Petralite Pertamina dipastikan tidak dicampur dengan etanol. Pertamina pastikan seluruh BBM yang terdistribusi sesuai regulasi pemerintah ️ #Pertamina #BangkaBelitung prioritaskan kebutuhan rakyat #GalaxyA56 #Fyp https://t.co/G9eqvtd5ff","1986441773674279209","https://pbs.twimg.com/media/G5FCQlNboAAfjs6.jpg","","in","","0","0","0","https://x.com/undefined/status/1986441773674279209","1725871257605005312",
"1986441616366969327","Thu Nov 06 14:32:42 +0000 2025","0","PT Pertamina Patra Niaga menegaskan produk BBM jenis Petralite (RON 90) yang saat ini beredar di seluruh SPBU diproduksi tanpa etanol. Pertamina Patra Niaga memastikan seluruh produk BBM termasuk Petralite diproduksi dan didistribusikan sesuai dengan spesifikasi yang telah https://t.co/WsPr3Rnq5n","1986441616366969327","https://pbs.twimg.com/media/G5FCH3eakAEwezC.jpg","","in","","0","0","0","https://x.com/undefined/status/1986441616366969327","1725871257605005312",
"1986388139150090629","Thu Nov 06 13:05:46 +0000 2025","69","@sbyfess Bajingan pemerintah sampek nyorokno rakyat semono e. Mugo2 mereka keselek etanol. Kuburane kebek etanol. Jan njengkelno. Sampek mbaringene BUMN khususe Pertamina ngomong rugi tutuk ono bareng-bareng. Btw yang antri semoga diberikan kesehatan dan keamanan selalu️️️","1986419739862966346","","sbyfess","in","","0","0","0","https://x.com/undefined/status/1986419739862966346","1672965362034540545",
"1986405265403723834","Thu Nov 06 12:08:15 +0000 2025","0","Belum hilang di ingatan soal apes kena bensin oplos lumpur. Sekarang mobil udah ada tanda-tanda kena bensin oplos etanol. Baru beberapa bulan lalu lo padahal harus di caci maki sekasar apa si ini pertamina ??","1986405265403723834","","","in","","0","1","0","https://x.com/undefined/status/1986405265403723834","392568080",
"1986379565242134600","Thu Nov 06 10:26:08 +0000 2025","0"," Seluruh BBM Petralite Pertamina dipastikan tidak dicampur dengan etanol. Pertamina pastikan seluruh BBM yang terdistribusi sesuai regulasi pemerintah ️ #Pertamina #BangkaBelitung prioritaskan kebutuhan rakyat #GalaxyA56 #Fyp https://t.co/KcJIDcc5S6","1986379565242134600","https://pbs.twimg.com/media/G5EJr_2boAAY1PC.jpg","","in","","0","0","0","https://x.com/undefined/status/1986379565242134600","1841312517689331712",
"1986379379824611460","Thu Nov 06 10:25:23 +0000 2025","0","PT Pertamina Patra Niaga menegaskan produk BBM jenis Petralite (RON 90) yang saat ini beredar di seluruh SPBU diproduksi tanpa etanol. #Pertamina #BangkaBelitung prioritaskan kebutuhan rakyat #GalaxyA56 #Fyp https://t.co/hIovUmKC2u","1986379379824611460","https://pbs.twimg.com/media/G5EJhOXbIAIaXXw.jpg","","in","","0","0","0","https://x.com/undefined/status/1986379379824611460","1841312517689331712",
"1986067796317581331","Thu Nov 06 10:22:25 +0000 2025","1","@AndrewSinaga9 @kenhans03 Pertamax Turbo Pertamina adalah bensin RON 98 dengan aditif untuk performa tinggi. Secara resmi tidak mengandung air (Pertamina menyangkal kontaminasi air di BBM mereka berdasarkan tes terbaru). Untuk etanol ada campuran hingga 3.5-5% di beberapa varian Pertamina sebagai bagian","1986378629501304935","","AndrewSinaga9","in","","0","0","0","https://x.com/undefined/status/1986378629501304935","1720665183188922368",
"1986378476258316692","Thu Nov 06 10:21:48 +0000 2025","0"," Seluruh BBM Petralite Pertamina dipastikan tidak dicampur dengan etanol. Pertamina pastikan seluruh BBM yang terdistribusi sesuai regulasi pemerintah ️ #Pertamina #BangkaBelitung prioritaskan kebutuhan rakyat #GalaxyA56 #Fyp https://t.co/5d4hWTU034","1986378476258316692","https://pbs.twimg.com/media/G5EIsmXasAA-pGk.jpg","","in","","0","0","0","https://x.com/undefined/status/1986378476258316692","1841312517689331712",
"1986067796317581331","Thu Nov 06 10:20:54 +0000 2025","1","@kenhans03 Apa ini @grok ? apakah benar pertamax turbo Pertamina mengandung air atau etanol ?","1986378250294264291","","kenhans03","in","","0","1","0","https://x.com/undefined/status/1986378250294264291","1027609659597680640",
"1986335608869150830","Thu Nov 06 07:31:28 +0000 2025","0"," Seluruh BBM Petralite Pertamina dipastikan tidak dicampur dengan etanol. Pertamina pastikan seluruh BBM yang terdistribusi sesuai regulasi pemerintah ️ #Pertamina #BangkaBelitung prioritaskan kebutuhan rakyat #GalaxyA56 #Fyp https://t.co/8ELNRLjTiX","1986335608869150830","https://pbs.twimg.com/media/G5DhsWYbIAQRV7O.jpg","","in","","0","1","0","https://x.com/undefined/status/1986335608869150830","1356532629122682880",
"1986298102803046486","Thu Nov 06 05:02:25 +0000 2025","0","PT Pertamina (Persero) disebut masih menggunakan etanol impor dalam produksi Pertamax Green 95 karena bioetanol lokal dinilai belum memenuhi standar mutu dan masih lebih mahal. Hal ini diungkap oleh Direktur Eksekutif Puskep UI Ali. Simak selengkapnya: https://t.co/J4quQaDeUm https://t.co/rW0QQ9MmWs","1986298102803046486","https://pbs.twimg.com/media/G5C_jfaa8AA893T.jpg","","in","","0","0","1","https://x.com/undefined/status/1986298102803046486","1582972008479920129",
"1986292582788571410","Thu Nov 06 04:40:29 +0000 2025","2","Ini mah masalah pendidikan lagian kita pelupa bukan sekedar abai tapi karena kebanyakan kasus. Terhitung dari alm Affan deh. Berapa banyak lagi kasu yg muncul? Delpedro? Laras? Dua kerangka kwitang? Pengerukan raja ampat? Tesso Nilo? Pertamina etanol? 1 hari bisa 5 kasus","1986292582788571410","","","in","","0","1","0","https://x.com/undefined/status/1986292582788571410","1887833320031244288",
"1986106730242290141","Thu Nov 06 03:53:51 +0000 2025","0","@SammiSoh Punyaku yang buat harian normal aja tuh bisa jadi itu yang kasus kecampuran air di dalam tangki BBM jadi brebet. Pertamina bilang hanya Pertamax Green yang ada etanol. Pengalamanku kalo mesin injeksi brebet di filter BBM kotor parah (wajib ganti tiap 3000km) filter udara OEM https://t.co/g6Zu7S5IVH","1986280846714667085","https://pbs.twimg.com/media/G5Cv5lqacAAyTkv.jpg","SammiSoh","in","","0","1","0","https://x.com/undefined/status/1986280846714667085","2778688603",
"1985515902474076396","Wed Nov 05 14:56:52 +0000 2025","0","@VIRGO1409271346 Klw jaman 2014 sampai 2024 ntar bisa jadi tersangka pula pertamina kan ggk harus ditinggal tp kan bisa ngebeli dari mereka biar ggk ke Singapura lagi..... Tinggal nambahin etanol doank lagi.... Lebih irit modal","1986085312943288411","","VIRGO1409271346","in","","0","0","0","https://x.com/undefined/status/1986085312943288411","1656197982994460672",
"1986065576528339442","Wed Nov 05 13:38:28 +0000 2025","0","ada proyek pembukaan lahan buat tanem tanaman yg bisa dijadiin etanol ~&gt; alkohol kek apa ya ya emg disengaja aja semua udh bagian dari sistem bahkan internal Pertamina sekalipun. gw yakin di sana banyak kok ilmuan2 super cerdas individu2 pilihan yg emg sadar kalo itu salah","1986065581913845933","","laywookcom","in","","0","1","0","https://x.com/undefined/status/1986065581913845933","1271918827505217536",
"1985887462003261528","Wed Nov 05 13:04:47 +0000 2025","0","@susno2g @pertamina @bumn_idn @KementerianESDM @Danantara_ri @DPR_RI Bukan akibat etanol?","1986057105888182387","","susno2g","in","","0","0","0","https://x.com/undefined/status/1986057105888182387","1664602487469514752",
"1985901712176230491","Wed Nov 05 12:37:22 +0000 2025","2","@westhernsea Padahal pertamina ada etanol 5% aja ribut ini etanol 100% pada puja puni. Indon indon","1986050205075321173","","westhernsea","in","","0","0","0","https://x.com/undefined/status/1986050205075321173","97439404",
"1985900210812571899","Wed Nov 05 10:17:39 +0000 2025","0","@Bambangmulyonoo Pasti bahlul akan berkata bahwa yang gak bener mesin motornya karena pertalite campur air dan etanol SDH sesuai standard Pertamina.. ... Wkwkwk","1986015044442992657","","Bambangmulyonoo","in","","0","0","0","https://x.com/undefined/status/1986015044442992657","1577499507285438464",
"1985954048982598091","Wed Nov 05 07:35:01 +0000 2025","0","@gulapait8 @infomalang beda perusahaan beda deal2annya Kak kl BP/Vivo kan mslhin ada campurn etanol. kl shell gk mau beli dr pertamina krn curiga kl pertamina beli dr russia...katanya gt ya Kak.","1985974117523431565","","gulapait8","in","","0","1","0","https://x.com/undefined/status/1985974117523431565","1729425257042472960",
"1985587818685768165","Wed Nov 05 07:09:17 +0000 2025","0","@tempodotco Orang idiot ya begitu jelas yg persulit rakyat anggota DPR Contoh kecil Pertamina pertalite dicampur etanol rakyat gatau itu etanol ATAU AIR GAREM dan ojol dilarang pake pertalite maksudnya apa? Terus BPJS rakyat bayar tiap bulan tp gamau sakit dicover pdhl duit kita","1985967638204596342","","tempodotco","in","","0","0","0","https://x.com/undefined/status/1985967638204596342","1692113348417220608",
"1985519223268130954","Wed Nov 05 04:06:58 +0000 2025","9","@_updateinfo Lawak kau malah si shell ga mau beli dri pertamina karna ada kandungan etanol","1985921758382432472","","_updateinfo","in","","0","0","0","https://x.com/undefined/status/1985921758382432472","874703852095782912",
"1985907152368832977","Wed Nov 05 03:08:56 +0000 2025","0","Apakah fenomena motor brebet di Surabaya ini akibat ETANOL? Entahlah bukan kapasitas kami. Tp kami yakin banyak orang pinter di @pertamina yg bisa segera atasi masalah ini. Kami masih percaya engineer di @pertamina hebat² dan bisa mengatasi masalah ini","1985907152368832977","","","in","","0","0","0","https://x.com/undefined/status/1985907152368832977","80526071",
"1985890322573127919","Wed Nov 05 02:02:03 +0000 2025","0","Pertamina Tegaskan Pertalite di Jatim Tak Mengandung Air Maupun Etanol https://t.co/CkbSYw5f30","1985890322573127919","","","in","","0","0","0","https://x.com/undefined/status/1985890322573127919","333877701",
"1985859609765073316","Wed Nov 05 00:00:01 +0000 2025","1","Belakangan muncul keluhan soal Pertalite yang disebut bikin motor mogok &amp; mbrebet. Publik ramai opini mulai terbentuk tapi bagaimana faktanya? Ingat! Bukan semua info viral = kebenaran. Cek fakta dulu sebelum panik. #Pertamina #BBM #Pertalite #Etanol #mesin #berita #viral https://t.co/QNCqiRMNLK","1985859609765073316","https://pbs.twimg.com/media/G4wIrEdbwAAu2z3.jpg","","in","","0","1","1","https://x.com/undefined/status/1985859609765073316","1928359946338586625",
"1985627847588004258","Tue Nov 04 16:47:23 +0000 2025","0","@blaugrana1O Parah penistaan logo pertamina dulu ini pak bahlil liat nih pak keknya boti ini perlu disuntik etanol","1985750736270168517","","blaugrana1O","in","","0","0","0","https://x.com/undefined/status/1985750736270168517","979002399275679744",
"1985697392012988538","Tue Nov 04 13:15:25 +0000 2025","0","bahenol (bahlil etanol) anjing sekali ini beat saya brebet pertamina lol","1985697392012988538","","","in","","0","0","0","https://x.com/undefined/status/1985697392012988538","1590703524370735105",
"1985693926091866312","Tue Nov 04 13:01:39 +0000 2025","21","Kalau beginian dijual bebas Pertanol (Pertamina Etanol) bisa keringetan .. CC Bahenol (Bahlil Etanol) @bahlillahadalia @pertamina - Btw pemerintah harusnya mendorong dan mensupport prestasi anak bangsa. Ini penemuan yang justru bisa menguntungkan negara kita juga. https://t.co/5tkkMQgbM1","1985693926091866312","https://pbs.twimg.com/media/G46aC2gbQAMgks9.jpg","","in","","0","4","3","https://x.com/undefined/status/1985693926091866312","77654478",
"1984969659368833339","Tue Nov 04 12:05:42 +0000 2025","0","@JohnSmithcuj @soprettyuu @peredam03 Ya dari gambar tangki itu kelihatan modern dengan komponen injeksi dan kabel kemungkinan motor post-2000. Tapi korosi bisa terjadi karena kontaminasi air atau kualitas bensin buruk bukan etanol (masih direncanakan 2026). Saran cek di bengkel resmi atau lapor Pertamina.","1985679848527053303","","JohnSmithcuj","in","","0","0","0","https://x.com/undefined/status/1985679848527053303","1720665183188922368",
"1984969659368833339","Tue Nov 04 11:51:25 +0000 2025","0","@JohnSmithcuj @soprettyuu @peredam03 Saya tidak tahu pasti apakah dia ngisi E10 itu hanya kemungkinan umum penyebab korosi tangki. Setelah cek bensin Pertamina seperti Pertalite saat ini belum mengandung etanol (E10 direncanakan 2026). Mungkin kontaminasi air atau masalah perawatan. Saran cek mekanik resmi.","1985676253203218786","","JohnSmithcuj","in","","0","1","0","https://x.com/undefined/status/1985676253203218786","1720665183188922368",
"1985229702609727492","Tue Nov 04 11:06:33 +0000 2025","2","@IongbIack Tpi ini bukan soal etanol tapi bensinnya kecampur air jir banyak lagi hampir 1/4 dari botol air mineral 1L wkwk stress kayanya pertamina","1985664961516093851","","IongbIack","in","","0","3","0","https://x.com/undefined/status/1985664961516093851","1552941150591664128",
"1984969659368833339","Tue Nov 04 10:11:01 +0000 2025","0","@JohnSmithcuj @soprettyuu @peredam03 Penyebab kerusakan tangki motor dari bensin Pertamina bisa karena campuran etanol (E10) yang menyebabkan korosi jika komponen tidak kompatibel kontaminasi air di SPBU atau masalah perawatan seperti filter tersumbat dan busi kotor. Pertamina membantah kontaminasi saran cek","1985650985096921333","","JohnSmithcuj","in","","0","1","0","https://x.com/undefined/status/1985650985096921333","1720665183188922368",
"1985642305685274782","Tue Nov 04 09:36:34 +0000 2025","0","Pertamina Patra Niaga menegaskan bahwa kabar Pertalite mengandung etanol tidak benar dan menyesatkan. Hasil percobaan mencampur Pertalite dengan air bukan bukti adanya etanol melainkan reaksi alami antara zat non-polar dan polar. https://t.co/QuTbh5o79F","1985642318981198069","https://pbs.twimg.com/media/G45rKSYbQAE3QZu.jpg","konten_negara","in","","0","2","0","https://x.com/undefined/status/1985642318981198069","1941172596290330624",
"1985642305685274782","Tue Nov 04 09:36:31 +0000 2025","0","Pertamina Patra Niaga Tegaskan Pertalite Tidak Mengandung Etanol https://t.co/Plft8Gw2PS","1985642305685274782","https://pbs.twimg.com/media/G45rJgIawAAI7Wv.jpg","","in","","0","1","0","https://x.com/undefined/status/1985642305685274782","1941172596290330624",
"1985520317587210348","Tue Nov 04 08:00:54 +0000 2025","0","@TirtoID knp spbu swasta rame? tanya pertamina lah knp hancurin customer trust lu peak. bbm oplosan mengandung aer mengandung etanol and wtf.","1985618243231580651","","TirtoID","in","","0","0","0","https://x.com/undefined/status/1985618243231580651","1660219520",
"1985363082777129288","Tue Nov 04 06:47:37 +0000 2025","0","@Ozi_Tyo Sorry bukan belain bahlil tapi kayanya emang kualitas pertamina yang jelek Dunia soalnya udah mulai beralih ke etanol buat campuran bahan bakar Disclaimer aku bukan pendukung bahlil","1985599799450878028","","Ozi_Tyo","in","","0","0","0","https://x.com/undefined/status/1985599799450878028","1206761954791936001",
"1985596979905544436","Tue Nov 04 06:36:25 +0000 2025","0","be bahlil &gt;saingan pertamina pada di singkirin semua &gt;bikin kebijakan untuk campurkan bbm dengan etanol yang notabene ga sehat buat motor karbu lama ni orang bikin kebijakan ga pernah benar dah mulai dari gas lpg tambang sama sekarang bbm. aneh bat mentri lu wok","1985596979905544436","","","in","","0","0","0","https://x.com/undefined/status/1985596979905544436","819566752359006208",
"1985581441355526595","Tue Nov 04 05:34:40 +0000 2025","0","Percayalah aku paling benci kasus ini kek literally semua orang bergantung banget ama BBM. Terus motor sekarang belum disesuaikan ama BBM 10% etanol itu kupikir kemarin itu bakal diperbaiki taunya malah dilanjutkan. Motor suamiku juga kena gegara isi BBM Pertamina ","1985581441355526595","","","in","","0","1","0","https://x.com/undefined/status/1985581441355526595","461843784",
"1985563291666825471","Tue Nov 04 04:22:33 +0000 2025","0"," Kebijakan etanol masih berada dalam tahap perencanaan jangka panjang untuk mendukung transisi energi hijau belum diterapkan... Wakil Ketua Komisi VI DPR RI Fraksi Partai Golkar Nurdin Halid #partaigolkar #bahlillahadalia #golkar2029 #61TahunGolkar https://t.co/qlZtLMCniR https://t.co/NVZDpD5Df7","1985563291666825471","https://pbs.twimg.com/media/G44jSRIbQAYmXXt.jpg","","in","","0","0","0","https://x.com/undefined/status/1985563291666825471","1920727676853391360",
"1985544258439553388","Tue Nov 04 03:06:55 +0000 2025","28","Pertamina buka bengkel gratis untuk motor brebet. Lucu juga ya berarti mereka udah tahu ada yang salah sama BBM-nya. Ini bukan soal mesin motor tapi soal kebijakan campur etanol yang dipaksakan Bahlil. BBM makin hijau tapi motor malah batuk-batuk. https://t.co/4VsMBkZqtD","1985544258439553388","https://pbs.twimg.com/ext_tw_video_thumb/1985544102897909760/pu/img/b5Sy-bKJg8Rdjrtt.jpg","","in","","0","8","9","https://x.com/undefined/status/1985544258439553388","1168705905015148546",
"1984969659368833339","Tue Nov 04 02:13:53 +0000 2025","0","@RestaWardhani @peredam03 Sama Bae yg bermasalah kan aturan yg di bikin si goblin ompong itu Dimana bensin harus bercampur etanol Mau Pertamina atau swasta ya sama","1985530912155787769","","RestaWardhani","in","","0","0","0","https://x.com/undefined/status/1985530912155787769","1561311979934851073",
"1984969659368833339","Tue Nov 04 01:50:30 +0000 2025","0","@ridlo_azka @tjahajababimu @peredam03 Pertamina sebagai penyedia bahan bakar bertanggung jawab atas kualitas produk dan pemberian informasi kompatibilitas seperti risiko korosi dari etanol pada kendaraan lama. Pemerintah melalui regulasi biofuel juga ikut andil dalam transisi bertahap ke E10 agar minim dampak.","1985525026062549274","","ridlo_azka","in","","0","0","0","https://x.com/undefined/status/1985525026062549274","1720665183188922368",
"1985494321563648488","Mon Nov 03 23:48:29 +0000 2025","0","Ini lah alasan gw kemaren marah2 karena terpaksa isi di pertamina soalnya bp sama shells pada abis. Bahlil sialan emang ampe gw sumpahin ketiban etanol","1985494321563648488","","","in","","0","0","0","https://x.com/undefined/status/1985494321563648488","1978501821338664960",
"1984969659368833339","Mon Nov 03 17:50:19 +0000 2025","0","@peredam03 Anjing banget tangki motor gua juga gini padahal baru setahun usia motor gua by. Apa bener ini semua ulah campuran etanol pertamina ya? BAHLIL ANJ","1985404186713092229","","peredam03","in","","0","0","0","https://x.com/undefined/status/1985404186713092229","383233070",
"1985382256458764519","Mon Nov 03 16:23:11 +0000 2025","0","Pertamina Pastikan Pertalite di Jawa Timur Bebas Air dan Etanol https://t.co/17kJ4b83c3 https://t.co/DoRbzuxdhY","1985382256458764519","https://pbs.twimg.com/media/G41-o9aWgAAClBF.jpg","","in","","0","0","0","https://x.com/undefined/status/1985382256458764519","118371948",
"1985364271606427938","Mon Nov 03 15:11:43 +0000 2025","0","Katanya belanja ke pertamina sebanyak 100rb barel bang. SPBU ijo kok jam segini sdh hbs aja stockmu (lokasi HR muhammad dan Citraland surabaya). Malas ngisi etanol bag! @bp_plc https://t.co/qZZEicmL9M","1985364271606427938","https://pbs.twimg.com/media/G41uRrjaQAEI2rY.jpg","","in","","0","0","1","https://x.com/undefined/status/1985364271606427938","293262973",
"1985354103019676151","Mon Nov 03 14:31:18 +0000 2025","11","Drama Pertalite bikin Motor Brebet di Jatim bikin penuh Teka-teki . Yang beberapa masyarakat di sejumlah Kota di Jatim rasakan ini mengungkap banyak fakta. Banyak misinformasi seperti BBM Pertamina dicampur Etanol (padahal belum) lalu konten Cak Armuji yang penuh kejanggalan. https://t.co/3ZwbEZfbDM","1985354103019676151","https://pbs.twimg.com/media/G41k6wFbYAATCp2.jpg","","in","","1","4","3","https://x.com/undefined/status/1985354103019676151","1249004237004009474",
"1984969659368833339","Mon Nov 03 14:08:49 +0000 2025","1","@4notherme @Vitek666winsor @fructusputridus @peredam03 Klo dr artikel sebelumnya base oil yg diimpor udah ada kandungan etanol nya beberapa persen makanya pihak swasta menolak beli impor pertamina Fakta Motor Brebet Massal Setelah Isi Pertalite di Jatim: Polisi Sidak SPBU Pertamina Investigasi https://t.co/kx6iVmHjQq","1985348441451663599","","4notherme","in","","0","1","0","https://x.com/undefined/status/1985348441451663599","560122208",
"1985344320665481618","Mon Nov 03 13:53:16 +0000 2025","41","Dari total jutaan konsumen Pertalite di Indonesia di Jatim hanya ratusan yang merasa terkena dampak setelah isi bensin Pertamina (itupun masih perdebatan) jumlahnya. Dan dari hasil pengujian sampai 300 SPBU semua sesuai spesifikasi. Dari sini juga terungkap tidakada etanol https://t.co/Nji9VXJeCr","1985344530825302527","https://pbs.twimg.com/media/G41cVExbEAAfz-y.jpg","Mdy_Asmara1701","in","","0","2","13","https://x.com/undefined/status/1985344530825302527","1334853481019056128",
"1985343425517142210","Mon Nov 03 13:49:19 +0000 2025","0","@DarkMassacres Saya paham kekhawatiran Anda soal bensin ethanol Pertamina yang diduga banyak air dan campuran tanah di berbagai daerah. Etanol memang mudah menyerap uap air sehingga bisa memperburuk masalah jika ada kelembaban pada distribusi atau penyimpanan. Pertamina telah uji kualitas dan","1985343536355844601","","DarkMassacres","in","","0","0","0","https://x.com/undefined/status/1985343536355844601","1720665183188922368",
"1984969659368833339","Mon Nov 03 11:23:14 +0000 2025","0","@4notherme @Vitek666winsor @fructusputridus @peredam03 Cocok gak kebijakan E10 ini buat motor2 di indonesia? Ini menurut ahli ITB ethanol bersifat higroskopis sehingga meningkatkan kadar air di bensin nya Makanya banyak yg ngeluh waktu ditab bensinnya ada airnya dan motornya rusak https://t.co/JjONh947VU","1985306770924036373","","4notherme","in","","0","1","0","https://x.com/undefined/status/1985306770924036373","560122208",
"1985300359594868772","Mon Nov 03 10:57:45 +0000 2025","0","Gada fotonya lagi bekas kemaren bensin campur etanol solar b35 ada air ngendap emang harus dibubarin pertamina mah ","1985300359594868772","","","in","","0","1","0","https://x.com/undefined/status/1985300359594868772","1749850417184559107",
"1985298116271341990","Mon Nov 03 10:48:50 +0000 2025","0","Lama2 @pertamina bisa di Demo masyarakat ini jangan sampe kantor2 ente di bakar masa yg jadi korban bensin oplosan etanol","1985298116271341990","","","in","","0","0","0","https://x.com/undefined/status/1985298116271341990","2378361194",
"1984969659368833339","Mon Nov 03 09:55:11 +0000 2025","0","@tjahajababimu @peredam03 E10 memang masih rencana ditargetkan wajib sekitar 2026-2027 tergantung kesiapan produksi etanol. Saat ini Pertamina sudah jual Pertamax Green 95 (E5 5% etanol). E5 lebih aman buat kendaraan lama karena risiko korosi lebih rendah dibanding E10 tapi keduanya umumnya oke buat","1985284614022480091","","tjahajababimu","in","","0","1","0","https://x.com/undefined/status/1985284614022480091","1720665183188922368",
"1985269969396060199","Mon Nov 03 09:41:57 +0000 2025","0","@NarasiNewsroom Campuran etanol 10% akan diterapkan th 2027. Lha berarti sebelum THN 2027 campuran etanol Pertamina berapa% Bahlul..??","1985281285007483306","","NarasiNewsroom","in","","0","1","0","https://x.com/undefined/status/1985281285007483306","1766477518784380928",
"1984969659368833339","Mon Nov 03 09:09:19 +0000 2025","1","@tjahajababimu @peredam03 Ya kemungkinan besar karena E10 dari Pertamina. Etanol 10% bersifat higroskopis menyerap air dari udara yang menyebabkan korosi pada tangki bahan bakar dan pompa terutama di kendaraan lama tanpa pelindung khusus. Karat ini menyumbat filter dan mengganggu aliran bensin jadi","1985273071503347763","","tjahajababimu","in","","0","1","0","https://x.com/undefined/status/1985273071503347763","1720665183188922368",
"1985265863646408938","Mon Nov 03 08:40:41 +0000 2025","8","Bahlil dihujat krn minum wine harga 30 juta sebotol merusak alam Raja Ampat dengan tambang mencampur BBM dngn Etanol mengharuskan pengecer LPG membeli ke Pertamina lngsung Disamakan dngn mulianya Rasulullah dihujat karena membawa ajaran Islam. Matane picek. Silite dobol","1985265863646408938","","","in","","0","2","2","https://x.com/undefined/status/1985265863646408938","1406308161347227652",
"1984969659368833339","Mon Nov 03 07:31:26 +0000 2025","0","@abdshomad @peredam03 Ya menurut laporan 2025 beberapa batch base fuel impor Pertamina mengandung 3.5% etanol tapi Pertamina resmi menyatakan Pertalite (RON 90) diproduksi tanpa etanol terbukti lewat tes lab. Regulasi izinkan hingga 20% dan ada rencana E10 di 2027. Cek spesifikasi kendaraanmu ya!","1985248438255222808","","abdshomad","in","","0","0","0","https://x.com/undefined/status/1985248438255222808","1720665183188922368",
"1984969659368833339","Mon Nov 03 07:30:20 +0000 2025","0","@grok @peredam03 Etanol? Di bensin Pertamina?","1985248161590657346","","grok","in","","0","1","0","https://x.com/undefined/status/1985248161590657346","890960520534147072",
"1984969659368833339","Mon Nov 03 07:10:14 +0000 2025","0","@JeryPringgo @senofabregas @peredam03 Masalah tangki karatan itu sebenarnya sebelum kebijakan etanol krn pertamina nggak mau ganti filter BBM jadi BBM nya kotor/keruh yg ngebuat tangki mudah berkarat Bandingin sama punya swasta dg RON yg sama tp kualitas jauh","1985243103897551252","","JeryPringgo","in","","0","1","0","https://x.com/undefined/status/1985243103897551252","1677309637",
"1984969659368833339","Mon Nov 03 07:09:54 +0000 2025","1","@abdshomad @peredam03 Tangki bisa karatan karena air/kotoran di bensin atau etanol yg nyerap lembab (kayak laporan Pertamina 2025). Pencegahan: Isi tangki penuh biar gak kondensasi pakai aditif anti-karat (kayak dari STP atau Red Line) &amp; cek/bersihkan rutin. Ganti ke Shell V-Power atau Vivo Revvo","1985243020745433279","","abdshomad","in","","0","2","0","https://x.com/undefined/status/1985243020745433279","1720665183188922368",
"1984969659368833339","Mon Nov 03 06:43:47 +0000 2025","2","@4notherme @fructusputridus @peredam03 1. Monopoli itu namanya dengan alih aturan batasan kouta import 2. harus beli di pertamina ehh kandungan etanol nya gede swasta gamau 3.trus dibikin aturan wajib E10 biar laku rakyat gada solusi lain selain pertamina karena swasta laku bnyk yg minat","1985236447826411962","","4notherme","in","","0","1","0","https://x.com/undefined/status/1985236447826411962","1425331392913707013",
"1984871926742073359","Mon Nov 03 03:37:38 +0000 2025","1","@PresidenKopi Aku mikir... Itu klo dari Pertamina yg udah plus etanol.. Apakah pertamina nambahin air? Kalo bensin di campur etanol saja.. Apakah bisa memunculkan air?","1985189601594757451","","PresidenKopi","in","","0","1","0","https://x.com/undefined/status/1985189601594757451","1543050104982376450",
"1984805158333583857","Mon Nov 03 03:27:15 +0000 2025","0","@JemmyMultazam @txtdrimedia Iya ini pengalaman yg aneh menurutku dulu bahkan sebelum ada etanol. Pemakaian sama tapi BBM dari swasta awet bener dibanding Pertamina","1985186989646504086","","JemmyMultazam","in","","0","0","0","https://x.com/undefined/status/1985186989646504086","1252426355959988224",
"1984072157371232468","Mon Nov 03 03:03:45 +0000 2025","0","@aditya_rimba Etanol itu baik asal bukan bikinan pertamina &amp; bahlil","1985181074771906822","","aditya_rimba","in","","0","0","0","https://x.com/undefined/status/1985181074771906822","1279892611",
"1985179446882845151","Mon Nov 03 02:57:17 +0000 2025","0","Info selengkapnya di Youtube: https://t.co/6OVYaE2CAF #bahlilhantuterorbbm #menteriesdm #Balilendir #etanol #pertamina https://t.co/9i9cH8zeM0","1985179446882845151","https://pbs.twimg.com/media/G4zF750bIAATOtI.png","","in","","0","0","0","https://x.com/undefined/status/1985179446882845151","1218891147344433155",
"1984220811000185158","Mon Nov 03 02:30:56 +0000 2025","0","@omelette75416 @satusrongpuluh @ncerbgt @Dhea0529 @araafi_aprilia @ya_12224 @e100ss Artikel itu mengonfirmasi BP membeli 100.000 barel base fuel RON 92 dari Pertamina tapi awalnya ragu karena kandungan etanol 3 5%. BP jamin kualitas tetap konsisten. Sumber lain seperti Reuters &amp; Antara News juga sebut etanol jadi isu utama meski Indonesia izinkan hingga 20%.","1985172816568914382","","omelette75416","in","","0","0","0","https://x.com/undefined/status/1985172816568914382","1720665183188922368",
"1984461206992867532","Mon Nov 03 01:33:24 +0000 2025","1","@shugasandarwa88 @Cutty__Flam @dimas_drg dari berita uda dibilang memang yg dibeli dari pertamina bbm murni karena mereka jg gk mau beli bbm yg uda dioplos etanol","1985158337663803589","","shugasandarwa88","in","","0","0","0","https://x.com/undefined/status/1985158337663803589","1394579580187410436",
"1984935711964086780","Mon Nov 03 01:18:22 +0000 2025","1","@mini_niwdir Kayaknya masih minta based fuel sih kalaupun nantinya diwajibkan etanol itu seharusnya perusahaan nya sendiri yang racik kandungannya. Yang selama ini bikin masalah kan kandungan pertamina gak bagus.","1985154552795205645","","mini_niwdir","in","","0","0","0","https://x.com/undefined/status/1985154552795205645","1718815376061165568",
"1985152467386900510","Mon Nov 03 01:10:05 +0000 2025","22","-rek kalian ada sg motor e kena virus bahlil trus minta klaim ganti rugi ndek pertamina ta rek? Aku dah nyimpen nota nya ini motorku dah brebet² kena etanol. Aku isi pertamax kukira bakal bisa ternyata sama aja masih mogok","1985152467386900510","","","in","","1","15","3","https://x.com/undefined/status/1985152467386900510","1152437175587241985",
"1984871926742073359","Mon Nov 03 01:01:09 +0000 2025","1","@PresidenKopi Kalau @pertamina menjual bbm tanpa etanol meskipun harganya di naikkan. Saya yakin etanol ini pasti gak laku. Apakah ini cara pertamina utk monopoli pasar menyingkirkan pesaing trus naikin harga.???","1985150220964106750","","PresidenKopi","in","","0","0","0","https://x.com/undefined/status/1985150220964106750","50929247",
"1984871926742073359","Mon Nov 03 00:59:19 +0000 2025","3","@CecepLagi @PresidenKopi @pertamina @pertamina harus bertanggungjawab atas kerusakan seluruh kendaraan bermotor. Karena tidak semua mesin bisa mentolerir etanol.","1985149758084927954","","CecepLagi","in","","0","0","0","https://x.com/undefined/status/1985149758084927954","50929247",
"1984871926742073359","Sun Nov 02 23:04:49 +0000 2025","2","@PresidenKopi Bensinnya ditambahin etanol padahal di Pertamina sendiri Bbm nya udah ditambah etanol ","1985120942209802499","","PresidenKopi","in","","0","0","0","https://x.com/undefined/status/1985120942209802499","1277383978991800320",
"1985083374483153218","Sun Nov 02 20:35:32 +0000 2025","0","pertamina kontol pemerintah tolol. motor gue tangkinya tuh gede y puki masa gue harus keep it full setiap saat demi tangki gak ke-isi sama air grgr bensin tolol campur etanol?? mikir dong kontol.","1985083374483153218","","","in","","0","2","0","https://x.com/undefined/status/1985083374483153218","1847741414450614277",
"1984871926742073359","Sun Nov 02 16:21:16 +0000 2025","2","@CecepLagi @PresidenKopi @pertamina Betul @pertamina @KementerianESDM jika harga turun mau dikasih etanol 20% pun sy yakin gk akan ada yg protes. Byk yg protes krn apa? 1. Hrg mahal dibandingkan luar negeri tp kualitas kalah. 2. Dicampur bahan lain yg tdk disosialisasikan tp harga sama pasti konsumen curiga.","1985019387057930401","","CecepLagi","in","","0","0","1","https://x.com/undefined/status/1985019387057930401","1697016498",
"1984964880152330330","Sun Nov 02 15:37:18 +0000 2025","0","@Ngadinopanser @_riverheaven Ya etanol murni untuk lab atau teknis memang relatif mahal karena proses penyulingan tinggi. Namun bioetanol bahan bakar dibuat massal dari limbah tebu atau molases lokal harganya bisa lebih kompetitif setelah subsidi pemerintah. Campuran E5-E10 di Pertamina bertujuan kurangi","1985008321389359263","","Ngadinopanser","in","","0","0","0","https://x.com/undefined/status/1985008321389359263","1720665183188922368",
"1984072157371232468","Sun Nov 02 14:37:25 +0000 2025","0","@Luspatercept @grok Nah kita pun sbg konsumen harus tau brp persen kandungan etanol yg dipakai di BBM pertamina kalo lebih dari 10% kan berarti pertamina sdh berbuat curang. Dan kalo kebijakan soal etanol ini dipake oleh swasta apakah mereka akan mengurangi kadar etanolnya atau tidak?","1984993251313758569","","Luspatercept","in","","0","0","0","https://x.com/undefined/status/1984993251313758569","2429397041",
"1984072157371232468","Sun Nov 02 14:21:44 +0000 2025","0","@gagitugie___ @grok Betul memang belum rata distribusinya Bahkan di Surabaya hanya bbrp spbu saja yg punya dan di 1 spbu hanya 1-2 nozzle saja Yg kumaksud tuh kalaupun etanol emg seberbahaya itu bakalan menyebabkan ini itu pasti gaakan dirilis ke publik Dari pertamina pasti sdh ada kajiannya","1984989304133988768","","gagitugie___","in","","0","1","0","https://x.com/undefined/status/1984989304133988768","1826760300462571520",
"1984986094409228749","Sun Nov 02 14:08:58 +0000 2025","0","Anggota Komisi VII DPR RI @eddy_soeparno memastikan BBM bercampur etanol aman digunakan publik. Ia tegaskan: tidak ada kandungan tersembunyi dalam Pertamax Green. Pertamina transparan. Campurannya 5% bioetanol. #EnergiHijau #Bioetanol #Pertamina https://t.co/ksOjVmyMst","1984986094409228749","","","in","","0","1","0","https://x.com/undefined/status/1984986094409228749","2911375412",
"1984072157371232468","Sun Nov 02 14:03:22 +0000 2025","0","@Luspatercept @grok Ngga mungkin pihak swasta ngga tau tentang peraturan etanol ini psti mereka tau. Tp kan mereka memilih ngga mengambil resiko. Malu lah dgn nama besar perusahaan mereka seperti SHELL yg sdh mendunia masa tiba² kualitasnya jd hancur gara² kebijakan pertamina. Cuma opiniku ya bang","1984984685379043417","","gagitugie___","in","","0","1","0","https://x.com/undefined/status/1984984685379043417","2429397041",
"1984883604284195303","Sun Nov 02 14:02:16 +0000 2025","0","@gb_sleepy @kumparan klw mereka bilang murni berarti beneran murni karena mereka pernah batalin beli bbm dari pertamina karena gk murni uda dicampur etanol","1984984405732143312","","gb_sleepy","in","","0","0","0","https://x.com/undefined/status/1984984405732143312","1394579580187410436",
"1984883604284195303","Sun Nov 02 14:00:06 +0000 2025","0","@Mangkuthok @kumparan yg dibeli BBM murni bukan campuran yg ada etanolnya dulu sempat ambil dari pertamina tapi batal gara2 uda dicampur etanol","1984983862343352373","","Mangkuthok","in","","0","1","0","https://x.com/undefined/status/1984983862343352373","1394579580187410436",
"1984983367126020212","Sun Nov 02 13:58:08 +0000 2025","1","fakta terkait etanol. kuy simak biar ga jadi korban hoaks #bbmetanol #pertamina #etanol https://t.co/pPSOnAQ4Sr","1984983367126020212","https://pbs.twimg.com/media/G4wT2LmbUAAqeXd.jpg","","in","","0","0","0","https://x.com/undefined/status/1984983367126020212","1161892958",
"1984983210128965979","Sun Nov 02 13:57:31 +0000 2025","1","fakta terkait etanol. kuy simak biar ga jadi korban hoaks #bbmetanol #pertamina #etanol https://t.co/lSFZtFzh26","1984983210128965979","https://pbs.twimg.com/amplify_video_thumb/1984983090108973056/img/Ti3ApIwwKAxetkjw.jpg","","in","","0","0","0","https://x.com/undefined/status/1984983210128965979","1161892958",
"1984930175923126417","Sun Nov 02 13:30:59 +0000 2025","1","@enasdhuhri @ObiWan_Catnobi Analisis: Kemungkinan campur air di Pertalite bisa disebabkan etanol (kandungan ~3.5% saat ini) yang higroskopis menyerap uap air dari kelembaban tropis Indonesia (70-90%). Ini berpotensi picu pemisahan fase terutama jika tangki terbuka atau penyimpanan lama. Namun Pertamina","1984976535842140422","","enasdhuhri","in","","0","0","0","https://x.com/undefined/status/1984976535842140422","1720665183188922368",
"1984072157371232468","Sun Nov 02 13:26:30 +0000 2025","0","@Luspatercept @grok Oh i see bang. Tp bukannya penggunaan etanol itu di negara lain jg udh diterapkan ya. Kalo di sini masyarakatnya udh keburu trust issue sm pertamina udh mah pejabat di pertaminanya korupsi takarannya dikurangi RON nya diubah blm lg kebijakan ngawur dari si bahlil-","1984975407305887858","","Luspatercept","in","","0","2","0","https://x.com/undefined/status/1984975407305887858","2429397041",
